"","especie","eco_con","eco_dud","hab_con","hab_dud","tha","ele_inf","ele_sup"
"1","Abrawayaomys ruschii","Selva Paranaense","","selvas o bosques","","DESCONOCIDA","",""
"2","Abrocoma budini","Puna; Monte de Sierras y Bolsones","","rupestre","","MUY BAJA","2000","3000"
"3","Abrocoma cinerea","Altos Andes; Puna; Monte de Sierras y Bolsones","","arbustales; rupestre","estepas","MUY BAJA","500","3700"
"4","Abrocoma famatina","Altos Andes; Puna","","rupestre","estepas","DESCONOCIDA","","3800"
"5","Abrocoma schistacea","Altos Andes; Monte de Sierras y Bolsones","","rupestre","","MUY BAJA","2100","2900"
"6","Abrocoma uspallata","Monte de Sierras y Bolsones","","rupestre","","MUY BAJA","1800","2000"
"7","Abrocoma vaccarum","Altos Andes","","pastizales; rupestre","","DESCONOCIDA","3000","3000"
"8","Abrothrix andina","Altos Andes; Puna","","pastizales","arbustales; rupestre","DESCONOCIDA","950","5000"
"9","Abrothrix hirta","Bosque Patagónico; Estepa Patagónica","","selvas o bosques; arbustales","pastizales; rupestre; estepas; forestaciones; pasturas ganaderas","DESCONOCIDA","0","3500"
"10","Abrothrix illutea","Yungas","","selvas o bosques","arbustales","DESCONOCIDA","650","3000"
"11","Abrothrix jelskii","Altos Andes","","estepas","pastizales","DESCONOCIDA","4200","4500"
"12","Abrothrix lanosa","Bosque Patagónico; Estepa Patagónica","","arbustales","selvas o bosques; pastizales","DESCONOCIDA","",""
"13","Abrothrix manni","Bosque Patagónico","","selvas o bosques","","DESCONOCIDA","0","820"
"14","Abrothrix olivacea","Altos Andes; Bosque Patagónico; Estepa Patagónica","Monte de Llanuras y Mesetas","selvas o bosques; arbustales; pastizales; estepas","rupestre; forestaciones; pasturas ganaderas","ALTA","0","2000"
"15","Abrothrix xanthorhina","Bosque Patagónico; Estepa Patagónica","","selvas o bosques; arbustales","estepas","DESCONOCIDA","",""
"16","Aconaemys fuscus","Altos Andes; Bosque Patagónico","","selvas o bosques; estepas","","DESCONOCIDA","",""
"17","Aconaemys porteri","Bosque Patagónico","","","","DESCONOCIDA","750","1000"
"18","Aconaemys sagei","Bosque Patagónico","","selvas o bosques; pastizales","","DESCONOCIDA","",""
"19","Akodon albiventer","Altos Andes; Puna; Monte de Sierras y Bolsones","","pastizales; rupestre; estepas","urbano o periurbano","MEDIA","2350","4500"
"20","Akodon azarae","Monte de Llanuras y Mesetas; Chaco Húmedo; Campos y Malezales; Esteros del Iberá; Espinal; Delta e Islas del Paraná; Pampa","","arbustales; pastizales; cultivos o agrícolas; pasturas ganaderas","selvas o bosques; urbano o periurbano","MEDIA","0","600"
"21","Akodon boliviensis","Altos Andes; Puna; Yungas","","estepas","pastizales","DESCONOCIDA","2400","4300"
"22","Akodon budini","Yungas","","selvas o bosques","arbustales","DESCONOCIDA","1100","2800"
"23","Akodon caenosus","Altos Andes; Yungas; Chaco Seco","","selvas o bosques","pastizales","DESCONOCIDA","400","3100"
"24","Akodon dolores","Monte de Sierras y Bolsones; Monte de Llanuras y Mesetas; Chaco Seco; Espinal; Pampa","","arbustales","pastizales; rupestre; cultivos o agrícolas","BAJA","0","1000"
"25","Akodon fumeus","Yungas","","selvas o bosques; pastizales","","DESCONOCIDA","450","1700"
"26","Akodon iniscatus","Monte de Llanuras y Mesetas; Espinal; Estepa Patagónica","","arbustales; pastizales; estepas","pasturas ganaderas","DESCONOCIDA","900","1000"
"27","Akodon montensis","Chaco Húmedo; Campos y Malezales; Selva Paranaense","","selvas o bosques","arbustales; pastizales; cultivos o agrícolas; forestaciones; urbano o periurbano","ALTA","800","2100"
"28","Akodon paranaensis","Selva Paranaense","","selvas o bosques","","DESCONOCIDA","",""
"29","Akodon philipmyersi","Campos y Malezales","","arbustales","cultivos o agrícolas","MEDIA","100","250"
"30","Akodon polopi","Chaco Seco","","pastizales","","DESCONOCIDA","1300","2250"
"31","Akodon simulator","Yungas; Monte de Sierras y Bolsones; Chaco Seco","","selvas o bosques","arbustales","DESCONOCIDA","400","3000"
"32","Akodon spegazzinii","Altos Andes; Puna; Yungas; Monte de Sierras y Bolsones; Chaco Seco","","selvas o bosques","pastizales","DESCONOCIDA","400","3800"
"33","Akodon sylvanus","Yungas; Chaco Seco","","selvas o bosques","pastizales","DESCONOCIDA","700","2400"
"34","Akodon toba","Yungas; Chaco Seco; Chaco Húmedo","","selvas o bosques; arbustales; pastizales","cultivos o agrícolas; pasturas ganaderas","MEDIA","0","1000"
"35","Alouatta caraya","Chaco Seco; Chaco Húmedo; Campos y Malezales; Esteros del Iberá; Delta e Islas del Paraná; Selva Paranaense","","selvas o bosques","forestaciones; urbano o periurbano","MEDIA","0","760"
"36","Alouatta guariba","Selva Paranaense","","selvas o bosques","forestaciones","MEDIA","200","760"
"37","Andalgalomys olrogi","Monte de Sierras y Bolsones; Monte de Llanuras y Mesetas; Chaco Seco","","arbustales","selvas o bosques; pastizales","DESCONOCIDA","175","1000"
"38","Andalgalomys pearsoni","Chaco Seco","","arbustales","pastizales","DESCONOCIDA","650","650"
"39","Andalgalomys roigi","","","","","SIN DATOS","",""
"40","Andinomys edax","Altos Andes; Puna; Yungas; Monte de Sierras y Bolsones","","pastizales","selvas o bosques","DESCONOCIDA","650","4800"
"41","Anoura caudifer","Yungas","","selvas o bosques; palustre","urbano o periurbano; canales artificiales","BAJA","450","1500"
"42","Aotus azarae","Chaco Seco; Chaco Húmedo","","selvas o bosques","","DESCONOCIDA","75","200"
"43","Arctocephalus australis","Islas del Atlántico Sur; X Mar Argentino","","costeros; oceánicos","","MEDIA","0","17"
"44","Arctocephalus gazella","Islas del Atlántico Sur; X Mar Argentino","","oceánicos","costeros","BAJA","0","50"
"45","Arctocephalus tropicalis","Islas del Atlántico Sur; X Mar Argentino","","costeros; oceánicos","","DESCONOCIDA","",""
"46","Artibeus fimbriatus","Chaco Húmedo; Campos y Malezales; Selva Paranaense","","selvas o bosques","","BAJA","54","762"
"47","Artibeus lituratus","Chaco Húmedo; Campos y Malezales; Esteros del Iberá; Selva Paranaense","","selvas o bosques","cultivos o agrícolas; urbano o periurbano","ALTA","0","2620"
"48","Artibeus planirostris","Yungas; Chaco Húmedo","","selvas o bosques","","MEDIA","80","1600"
"49","Auliscomys sublimis","Altos Andes; Puna; Monte de Sierras y Bolsones","","estepas","","BAJA","3200","5500"
"50","Balaenoptera acutorostrata","Islas del Atlántico Sur; X Mar Argentino","","oceánicos","costeros","DESCONOCIDA","",""
"51","Balaenoptera bonaerensis","Islas del Atlántico Sur; X Mar Argentino","","oceánicos","costeros","DESCONOCIDA","",""
"52","Balaenoptera borealis","Islas del Atlántico Sur; X Mar Argentino","","costeros; oceánicos","","DESCONOCIDA","",""
"53","Balaenoptera edeni","","","oceánicos","costeros","DESCONOCIDA","",""
"54","Balaenoptera musculus","Islas del Atlántico Sur; X Mar Argentino","","costeros; oceánicos","","DESCONOCIDA","",""
"55","Balaenoptera physalus","Islas del Atlántico Sur; X Mar Argentino","","oceánicos","costeros","BAJA","",""
"56","Berardius arnuxii","Islas del Atlántico Sur; X Mar Argentino","","oceánicos","costeros","DESCONOCIDA","",""
"57","Bibimys chacoensis","Chaco Húmedo; Campos y Malezales; Selva Paranaense","","pastizales","selvas o bosques","MEDIA","",""
"58","Bibimys torresi","Delta e Islas del Paraná","","palustre","pastizales","MUY BAJA","0","50"
"59","Blarinomys breviceps","Selva Paranaense","","selvas o bosques","","MEDIA","0","1700"
"60","Blastocerus dichotomus","Chaco Húmedo; Campos y Malezales; Esteros del Iberá; Espinal; Delta e Islas del Paraná","","palustre","selvas o bosques; pastizales; forestaciones","MEDIA","0","100"
"61","Bradypus variegatus","","","","","SIN DATOS","",""
"62","Brucepattersonius guarani","Selva Paranaense","","selvas o bosques","","DESCONOCIDA","360","360"
"63","Brucepattersonius iheringi","Selva Paranaense","","selvas o bosques","","MUY BAJA","0","1000"
"64","Brucepattersonius misionensis","Selva Paranaense","","selvas o bosques","","DESCONOCIDA","",""
"65","Brucepattersonius paradisus","Selva Paranaense","","selvas o bosques","","DESCONOCIDA","197","197"
"66","Cabassous chacoensis","Yungas; Monte de Sierras y Bolsones; Chaco Seco; Chaco Húmedo","","selvas o bosques; arbustales; pastizales","cultivos o agrícolas; pasturas ganaderas","BAJA","0","1400"
"67","Cabassous tatouay","Campos y Malezales; Selva Paranaense","","selvas o bosques; pastizales","cultivos o agrícolas; forestaciones","MEDIA","0","700"
"68","Callicebus pallescens","","Chaco Seco","selvas o bosques","","SIN DATOS","",""
"69","Calomys boliviae/ fecundus","Yungas; Chaco Seco","","selvas o bosques; cultivos o agrícolas","arbustales","MEDIA","400","2430"
"70","Calomys callidus","Chaco Húmedo; Espinal; Delta e Islas del Paraná; Pampa","","arbustales; pastizales","selvas o bosques","BAJA","",""
"71","Calomys callosus","Chaco Seco; Chaco Húmedo","","selvas o bosques; arbustales; pastizales","cultivos o agrícolas","MEDIA","70","600"
"72","Calomys laucha","Chaco Seco; Chaco Húmedo; Espinal; Pampa","Campos y Malezales","arbustales; pastizales; cultivos o agrícolas","selvas o bosques; pasturas ganaderas","ALTA","",""
"73","Calomys lepidus","Altos Andes; Puna","","pastizales","rupestre","MEDIA","2600","5000"
"74","Calomys musculinus","Altos Andes; Puna; Yungas; Monte de Sierras y Bolsones; Monte de Llanuras y Mesetas; Chaco Seco; Espinal; Delta e Islas del Paraná; Pampa; Estepa Patagónica","","selvas o bosques; arbustales; pastizales; estepas","cultivos o agrícolas; pasturas ganaderas; urbano o periurbano","ALTA","0","3900"
"75","Calomys tener","Selva Paranaense","Campos y Malezales","arbustales; pastizales","selvas o bosques; cultivos o agrícolas","DESCONOCIDA","",""
"76","Calomys venustus","Chaco Seco; Espinal; Pampa","","arbustales; pastizales","cultivos o agrícolas; pasturas ganaderas","MEDIA","",""
"77","Caluromys lanatus","Selva Paranaense","","selvas o bosques","urbano o periurbano","MEDIA","200","2600"
"78","Calyptophractus retusus","Chaco Seco","","selvas o bosques; arbustales","","MEDIA","100","1100"
"79","Caperea marginata","Islas del Atlántico Sur; X Mar Argentino","","costeros; oceánicos","","DESCONOCIDA","",""
"80","Carollia perspicillata","Campos y Malezales; Selva Paranaense","Chaco Húmedo","selvas o bosques","arbustales","BAJA","93","762"
"81","Castoria angustidens","Selva Paranaense","","selvas o bosques","","DESCONOCIDA","300","1800"
"82","Cavia aperea","Chaco Húmedo; Campos y Malezales; Esteros del Iberá; Espinal; Delta e Islas del Paraná; Pampa; Selva Paranaense","","arbustales; pastizales","cultivos o agrícolas; pasturas ganaderas; urbano o periurbano","MEDIA","400","3000"
"83","Cavia tschudii","Yungas; Monte de Sierras y Bolsones","","pastizales; rupestre","","DESCONOCIDA","0","4500"
"84","Cephalorhynchus commersonii","Islas del Atlántico Sur; X Mar Argentino","","costeros","oceánicos","MEDIA","",""
"85","Cephalorhynchus eutropia","","","costeros","oceánicos","DESCONOCIDA","",""
"86","Cerdocyon thous","Yungas; Monte de Sierras y Bolsones; Chaco Seco; Chaco Húmedo; Campos y Malezales; Esteros del Iberá; Espinal; Delta e Islas del Paraná; Selva Paranaense","","selvas o bosques; arbustales; forestaciones","pastizales; palustre; cultivos o agrícolas; pasturas ganaderas; urbano o periurbano","ALTA","0","3000"
"87","Chacodelphys formosa","Chaco Húmedo; Campos y Malezales","","pastizales","","DESCONOCIDA","50","200"
"88","Chaetophractus vellerosus","Altos Andes; Puna; Monte de Sierras y Bolsones; Monte de Llanuras y Mesetas; Chaco Seco; Chaco Húmedo; Espinal; Pampa","","selvas o bosques; arbustales; pastizales","cultivos o agrícolas; forestaciones; pasturas ganaderas","MEDIA","0","4600"
"89","Chaetophractus villosus","Monte de Sierras y Bolsones; Monte de Llanuras y Mesetas; Chaco Seco; Chaco Húmedo; Bosque Patagónico; Espinal; Pampa; Estepa Patagónica","","arbustales; pastizales; estepas; cultivos o agrícolas; pasturas ganaderas","selvas o bosques; rupestre; forestaciones; urbano o periurbano","ALTA","0","1500"
"90","Chinchilla chinchilla","Altos Andes; Puna","","pastizales; rupestre","","MUY BAJA","3000","5000"
"91","Chironectes minimus","Selva Paranaense","Campos y Malezales","selvas o bosques; rios o arroyos","","MEDIA","50","500"
"92","Chlamyphorus truncatus","Monte de Sierras y Bolsones; Monte de Llanuras y Mesetas; Chaco Seco; Espinal; Pampa","","selvas o bosques; arbustales","pastizales; estepas; cultivos o agrícolas; urbano o periurbano","BAJA","0","1500"
"93","Chrotopterus auritus","Yungas; Chaco Seco; Chaco Húmedo; Campos y Malezales; Delta e Islas del Paraná; Selva Paranaense","","selvas o bosques","","BAJA","0","1700"
"94","Chrysocyon brachyurus","Chaco Seco; Chaco Húmedo; Campos y Malezales; Esteros del Iberá; Espinal; Delta e Islas del Paraná","","pastizales; palustre","selvas o bosques; cultivos o agrícolas; forestaciones; pasturas ganaderas; urbano o periurbano","MEDIA","35","600"
"95","Coendou bicolor","Yungas","","selvas o bosques","cultivos o agrícolas","BAJA","350","1700"
"96","Coendou prehensilis","Yungas","","selvas o bosques","cultivos o agrícolas; forestaciones","DESCONOCIDA","350","1500"
"97","Coendou spinosus","Campos y Malezales; Esteros del Iberá; Selva Paranaense","","selvas o bosques","pastizales; forestaciones; urbano o periurbano","MEDIA","0","2150"
"98","Conepatus chinga","Altos Andes; Puna; Yungas; Monte de Sierras y Bolsones; Monte de Llanuras y Mesetas; Chaco Seco; Chaco Húmedo; Bosque Patagónico; Campos y Malezales; Esteros del Iberá; Espinal; Pampa; Selva Paranaense; Estepa Patagónica","","arbustales; pastizales; estepas","selvas o bosques; forestaciones; pasturas ganaderas","MEDIA","0","4326"
"99","Cryptonanus chacoensis","Yungas; Chaco Seco; Chaco Húmedo; Campos y Malezales; Esteros del Iberá; Delta e Islas del Paraná; Pampa; Selva Paranaense","Espinal","selvas o bosques; pastizales; palustre","cultivos o agrícolas","MEDIA","50","1800"
"100","Cryptonanus ignitus","","","","","SIN DATOS","",""
"101","Ctenomys “yolandae”","Chaco Húmedo; Espinal; Delta e Islas del Paraná","","","","ALTA","0","100"
"102","Ctenomys argentinus","Chaco Seco; Chaco Húmedo","","pastizales","","BAJA","",""
"103","Ctenomys australis","Pampa","","pastizales","urbano o periurbano","BAJA","0","50"
"104","Ctenomys azarae","Monte de Llanuras y Mesetas; Espinal","","arbustales; pastizales; estepas","pasturas ganaderas; urbano o periurbano","MEDIA","100","400"
"105","Ctenomys bergi","Chaco Seco","","pastizales","","BAJA","450","1000"
"106","Ctenomys bonettoi","Chaco Húmedo","","pastizales","","BAJA","",""
"107","Ctenomys chasiquensis","Espinal; Pampa","","arbustales; pastizales","pasturas ganaderas","BAJA","0","30"
"108","Ctenomys colburni","Estepa Patagónica","","estepas","","DESCONOCIDA","600","900"
"109","Ctenomys coludo","Monte de Sierras y Bolsones","","arbustales","urbano o periurbano","MEDIA","1181","1181"
"110","Ctenomys conoveri","Chaco Seco","","arbustales; pastizales","pasturas ganaderas","MEDIA","175","400"
"111","Ctenomys dorbignyi","Esteros del Iberá","","arbustales; pastizales","cultivos o agrícolas; pasturas ganaderas; urbano o periurbano","MEDIA","0","80"
"112","Ctenomys emilianus","Estepa Patagónica","","estepas","","DESCONOCIDA","800","805"
"113","Ctenomys famosus","Monte de Sierras y Bolsones","","pastizales","arbustales; urbano o periurbano","ALTA","1023","3800"
"114","Ctenomys fochi","Chaco Seco","","arbustales","urbano o periurbano","ALTA","407","443"
"115","Ctenomys fodax","Estepa Patagónica","","estepas","","DESCONOCIDA","575","598"
"116","Ctenomys frater","Yungas","","selvas o bosques; pastizales","","MEDIA","2000","4500"
"117","Ctenomys haigi","Bosque Patagónico; Estepa Patagónica","","arbustales; pastizales; estepas; palustre","","DESCONOCIDA","600","1800"
"118","Ctenomys johannis","Monte de Llanuras y Mesetas","","arbustales","urbano o periurbano","MEDIA","593","593"
"119","Ctenomys juris","Chaco Seco","","arbustales; pastizales","selvas o bosques","DESCONOCIDA","500","1000"
"120","Ctenomys knighti","Monte de Sierras y Bolsones; Chaco Seco","","arbustales; pastizales","urbano o periurbano","BAJA","600","3100"
"121","Ctenomys latro","Chaco Seco","","arbustales","urbano o periurbano","DESCONOCIDA","400","700"
"122","Ctenomys magellanicus","Bosque Patagónico; Estepa Patagónica","","pastizales; estepas","selvas o bosques; pasturas ganaderas","BAJA","0","800"
"123","Ctenomys maulinus","Altos Andes; Bosque Patagónico; Estepa Patagónica","","arbustales","","DESCONOCIDA","900","3200"
"124","Ctenomys mendocinus","Monte de Sierras y Bolsones; Monte de Llanuras y Mesetas; Espinal","","arbustales; pastizales","estepas; cultivos o agrícolas; urbano o periurbano","MEDIA","200","3400"
"125","Ctenomys occultus","Chaco Seco","","pastizales","","MUY BAJA","304","304"
"126","Ctenomys opimus","Altos Andes; Puna; Monte de Sierras y Bolsones","","arbustales","","DESCONOCIDA","2000","5000"
"127","Ctenomys osvaldoreigi","Chaco Seco","","arbustales; pastizales; rupestre","pasturas ganaderas","BAJA","1800","2000"
"128","Ctenomys pearsoni","Delta e Islas del Paraná; Pampa","","pastizales","arbustales; urbano o periurbano; canales artificiales","MEDIA","0","300"
"129","Ctenomys perrensi","Esteros del Iberá","","arbustales; pastizales","selvas o bosques; rupestre; cultivos o agrícolas; pasturas ganaderas; urbano o periurbano","MEDIA","0","80"
"130","Ctenomys pontifex","Altos Andes","","arbustales; estepas","","BAJA","2400","3000"
"131","Ctenomys porteousi","Pampa","","pastizales","pasturas ganaderas","BAJA","0","50"
"132","Ctenomys pundti","Espinal; Pampa","","pastizales","arbustales; cultivos o agrícolas; forestaciones; urbano o periurbano","MEDIA","0","50"
"133","Ctenomys rionegrensis","Espinal; Delta e Islas del Paraná; Pampa","","arbustales; pastizales","urbano o periurbano","MEDIA","0","100"
"134","Ctenomys roigi","Esteros del Iberá","","arbustales; pastizales","cultivos o agrícolas; pasturas ganaderas","MEDIA","0","80"
"135","Ctenomys rosendopascuali","Chaco Seco","","pastizales","arbustales","DESCONOCIDA","100","260"
"136","Ctenomys saltarius","Monte de Sierras y Bolsones; Chaco Seco","Yungas","pastizales; estepas","arbustales","DESCONOCIDA","1700","3200"
"137","Ctenomys scagliai","Yungas; Monte de Sierras y Bolsones","","pastizales; estepas","","DESCONOCIDA","2200","2800"
"138","Ctenomys sericeus","Estepa Patagónica","","estepas","","DESCONOCIDA","550","700"
"139","Ctenomys sociabilis","Estepa Patagónica","","arbustales; pastizales; estepas","","DESCONOCIDA","750","1800"
"140","Ctenomys talarum","Espinal; Pampa","","pastizales; costeros","arbustales; cultivos o agrícolas; forestaciones; urbano o periurbano","MEDIA","0","15"
"141","Ctenomys tuconax","Yungas; Chaco Seco","","pastizales","cultivos o agrícolas; pasturas ganaderas","MEDIA","360","3200"
"142","Ctenomys tucumanus","Yungas; Chaco Seco","","arbustales; pastizales","cultivos o agrícolas; urbano o periurbano","MEDIA","470","1500"
"143","Ctenomys tulduco","Puna","","pastizales","cultivos o agrícolas; pasturas ganaderas; urbano o periurbano","DESCONOCIDA","1080","2700"
"144","Ctenomys validus","Monte de Llanuras y Mesetas","","pastizales","","DESCONOCIDA","600","700"
"145","Ctenomys viperinus","Yungas","","selvas o bosques","","DESCONOCIDA","320","2500"
"146","Cuniculus paca","Chaco Húmedo; Campos y Malezales; Esteros del Iberá; Selva Paranaense","","selvas o bosques","pastizales; cultivos o agrícolas","BAJA","0","1600"
"147","Cynomops abrasus","Chaco Seco; Campos y Malezales; Selva Paranaense","","selvas o bosques; palustre","urbano o periurbano; canales artificiales","MEDIA","84","531"
"148","Cynomops paranus","Chaco Húmedo; Delta e Islas del Paraná","","palustre","","DESCONOCIDA","66","66"
"149","Cynomops planirostris","Yungas; Campos y Malezales","","selvas o bosques; palustre","urbano o periurbano","MEDIA","160","1490"
"150","Dasyprocta azarae","Chaco Húmedo; Campos y Malezales; Selva Paranaense","","selvas o bosques","","BAJA","0","700"
"151","Dasyprocta sp.","Yungas","Chaco Seco","selvas o bosques","cultivos o agrícolas","MEDIA","",""
"152","Dasypterus ega","Yungas; Monte de Sierras y Bolsones; Monte de Llanuras y Mesetas; Chaco Seco; Chaco Húmedo; Esteros del Iberá; Espinal; Delta e Islas del Paraná; Pampa; Selva Paranaense","","selvas o bosques; arbustales; pastizales","forestaciones; urbano o periurbano","MEDIA","10","1450"
"153","Dasypus hybridus","Chaco Húmedo; Campos y Malezales; Espinal; Pampa","Chaco Seco","pastizales","selvas o bosques; arbustales; cultivos o agrícolas; pasturas ganaderas","MEDIA","0","1000"
"154","Dasypus mazzai","Yungas; Chaco Seco","Chaco Húmedo","selvas o bosques; arbustales","pastizales","DESCONOCIDA","450","1800"
"155","Dasypus novemcinctus","Yungas; Chaco Seco; Chaco Húmedo; Campos y Malezales; Esteros del Iberá; Espinal; Delta e Islas del Paraná; Pampa; Selva Paranaense","","selvas o bosques; arbustales; pastizales","cultivos o agrícolas; forestaciones; pasturas ganaderas; urbano o periurbano","MEDIA","0","2000"
"156","Dasypus septemcinctus","","","","","SIN DATOS","",""
"157","Delomys dorsalis","Selva Paranaense","","selvas o bosques","","DESCONOCIDA","100","600"
"158","Delphinus delphis","","","costeros; oceánicos","","DESCONOCIDA","",""
"159","Deltamys kempi","Delta e Islas del Paraná; Pampa","","palustre","selvas o bosques; arbustales; pastizales","MUY BAJA","0","60"
"160","Desmodus cf. D. draculae","","","","","SIN DATOS","",""
"161","Desmodus rotundus","Yungas; Monte de Sierras y Bolsones; Chaco Seco; Chaco Húmedo; Campos y Malezales; Esteros del Iberá; Espinal; Delta e Islas del Paraná; Pampa; Selva Paranaense","Monte de Llanuras y Mesetas","selvas o bosques; arbustales; rupestre","pastizales; forestaciones; pasturas ganaderas; urbano o periurbano","ALTA","0","2700"
"162","Diaemus youngi","Yungas; Campos y Malezales; Selva Paranaense","","selvas o bosques","cultivos o agrícolas","DESCONOCIDA","200","400"
"163","Didelphis albiventris","Yungas; Monte de Sierras y Bolsones; Monte de Llanuras y Mesetas; Chaco Seco; Chaco Húmedo; Campos y Malezales; Esteros del Iberá; Espinal; Delta e Islas del Paraná; Pampa; Selva Paranaense","","selvas o bosques; urbano o periurbano","arbustales; pastizales; cultivos o agrícolas; forestaciones; pasturas ganaderas","ALTA","0","1900"
"164","Didelphis aurita","Selva Paranaense","","selvas o bosques","forestaciones","BAJA","0","750"
"165","Dolichotis patagonum","Monte de Sierras y Bolsones; Monte de Llanuras y Mesetas; Chaco Seco; Espinal; Pampa; Estepa Patagónica","","arbustales; estepas","selvas o bosques; pastizales; pasturas ganaderas","MEDIA","0","1450"
"166","Dolichotis salinicola","Chaco Seco","","selvas o bosques; arbustales; pastizales","estepas; cultivos o agrícolas","BAJA","400","800"
"167","Dromiciops bozinovici","","","","","SIN DATOS","",""
"168","Dromiciops gliroides","Bosque Patagónico","","selvas o bosques; arbustales","forestaciones","MEDIA","0","1600"
"169","Dusicyon australis","Islas del Atlántico Sur","","pastizales; estepas","","SIN DATOS","0","126"
"170","Dusicyon avus","Monte de Llanuras y Mesetas; Espinal; Pampa; Estepa Patagónica","","arbustales; pastizales; estepas","","SIN DATOS","0","1900"
"171","Eira barbara","Yungas; Chaco Seco; Chaco Húmedo; Campos y Malezales; Selva Paranaense","Esteros del Iberá","selvas o bosques; arbustales","pastizales; cultivos o agrícolas; forestaciones","MEDIA","0","2600"
"172","Eligmodontia bolsonensis","Altos Andes; Puna; Monte de Sierras y Bolsones","","arbustales","estepas","DESCONOCIDA","700","3800"
"173","Eligmodontia moreni","Monte de Sierras y Bolsones; Monte de Llanuras y Mesetas","","arbustales; pastizales","","MEDIA","500","3900"
"174","Eligmodontia morgani","Monte de Llanuras y Mesetas; Estepa Patagónica","","arbustales; pastizales; estepas","forestaciones","BAJA","","1280"
"175","Eligmodontia puerulus","Altos Andes; Puna","","arbustales; estepas","","DESCONOCIDA","3200","4800"
"176","Eligmodontia typus","Monte de Sierras y Bolsones; Monte de Llanuras y Mesetas; Espinal; Pampa; Estepa Patagónica","","arbustales; estepas","","MEDIA","0","1000"
"177","Eptesicus brasiliensis","Chaco Húmedo; Espinal; Delta e Islas del Paraná","","selvas o bosques; pastizales","cultivos o agrícolas; embalses o diques","BAJA","31","77"
"178","Eptesicus chiriquinus","Yungas","","selvas o bosques","","BAJA","998","2117"
"179","Eptesicus diminutus","Yungas; Chaco Húmedo; Esteros del Iberá; Espinal; Delta e Islas del Paraná; Pampa","Chaco Seco; Selva Paranaense","selvas o bosques; pastizales; forestaciones","cultivos o agrícolas; pasturas ganaderas; urbano o periurbano","MEDIA","10","1448"
"180","Eptesicus furinalis","Yungas; Monte de Sierras y Bolsones; Monte de Llanuras y Mesetas; Chaco Seco; Chaco Húmedo; Campos y Malezales; Esteros del Iberá; Espinal; Delta e Islas del Paraná; Pampa; Selva Paranaense","","selvas o bosques; arbustales; pastizales","cultivos o agrícolas; embalses o diques; urbano o periurbano","ALTA","6","2100"
"181","Eptesicus ulapesensis","Monte de Llanuras y Mesetas; Chaco Seco","","arbustales; lagos o lagunas; rios o arroyos","embalses o diques; canales artificiales","MEDIA","482","635"
"182","Eubalaena australis","Islas del Atlántico Sur; X Mar Argentino","","costeros; oceánicos","","DESCONOCIDA","",""
"183","Eumops auripendulus","Espinal; Delta e Islas del Paraná; Selva Paranaense","","selvas o bosques; arbustales","urbano o periurbano","MEDIA","40","400"
"184","Eumops bonariensis","Yungas; Chaco Seco; Campos y Malezales; Espinal; Delta e Islas del Paraná; Pampa","","selvas o bosques; arbustales; pastizales","urbano o periurbano","MEDIA","0","850"
"185","Eumops dabbenei","Yungas; Chaco Seco; Chaco Húmedo; Espinal; Delta e Islas del Paraná","","selvas o bosques; arbustales","cultivos o agrícolas; urbano o periurbano","MEDIA","20","750"
"186","Eumops glaucinus","Yungas; Chaco Seco; Selva Paranaense","","selvas o bosques; arbustales","cultivos o agrícolas; pasturas ganaderas; urbano o periurbano","MEDIA","20","1000"
"187","Eumops patagonicus","Yungas; Monte de Llanuras y Mesetas; Chaco Seco; Chaco Húmedo; Campos y Malezales; Esteros del Iberá; Espinal; Delta e Islas del Paraná; Pampa; Selva Paranaense","","selvas o bosques; arbustales; estepas","urbano o periurbano","MEDIA","20","650"
"188","Eumops perotis","Yungas; Chaco Seco; Chaco Húmedo; Espinal; Delta e Islas del Paraná; Pampa; Selva Paranaense","","selvas o bosques; pastizales","cultivos o agrícolas; forestaciones; pasturas ganaderas; urbano o periurbano","ALTA","10","1600"
"189","Euneomys chinchilloides","Altos Andes; Bosque Patagónico; Estepa Patagónica","","rupestre; estepas","","BAJA","0","4000"
"190","Euneomys fossor","","","","","DESCONOCIDA","",""
"191","Euneomys mordax","Altos Andes; Bosque Patagónico","","pastizales; rupestre","selvas o bosques; arbustales","DESCONOCIDA","1600","3300"
"192","Euphractus sexcinctus","Yungas; Chaco Seco; Chaco Húmedo; Campos y Malezales; Esteros del Iberá; Espinal; Pampa; Selva Paranaense","","arbustales; pastizales; cultivos o agrícolas; forestaciones; pasturas ganaderas","selvas o bosques; urbano o periurbano","ALTA","0","1600"
"193","Euryoryzomys legatus","Yungas","","","","MEDIA","",""
"194","Euryoryzomys russatus","Selva Paranaense","","selvas o bosques","","BAJA","",""
"195","Euryzygomatomys spinosus","Campos y Malezales; Selva Paranaense","","selvas o bosques; pastizales","cultivos o agrícolas; forestaciones; pasturas ganaderas","DESCONOCIDA","0","2300"
"196","Feresa attenuata","","","","","SIN DATOS","",""
"197","Galea comes","Puna; Monte de Sierras y Bolsones","","pastizales; rupestre","arbustales","MEDIA","",""
"198","Galea leucoblephara","Monte de Sierras y Bolsones; Monte de Llanuras y Mesetas; Chaco Seco; Espinal; Pampa","","pastizales","selvas o bosques; arbustales; estepas","MEDIA","",""
"199","Galictis cuja","Altos Andes; Puna; Yungas; Monte de Sierras y Bolsones; Monte de Llanuras y Mesetas; Chaco Seco; Chaco Húmedo; Bosque Patagónico; Campos y Malezales; Esteros del Iberá; Espinal; Delta e Islas del Paraná; Pampa; Selva Paranaense; Estepa Patagónica","","arbustales; pastizales; rupestre","selvas o bosques; estepas; cultivos o agrícolas; forestaciones; pasturas ganaderas; urbano o periurbano","MEDIA","0","4600"
"200","Galictis vittata","Selva Paranaense","","selvas o bosques","","BAJA","100","400"
"201","Geoxus michaelseni","Bosque Patagónico","","selvas o bosques; arbustales","","DESCONOCIDA","",""
"202","Geoxus valdivianus","Bosque Patagónico","","selvas o bosques; arbustales","pastizales","BAJA","600","2000"
"203","Globicephala melas","","","oceánicos","costeros","SIN DATOS","",""
"204","Glossophaga soricina","Yungas; Chaco Húmedo; Delta e Islas del Paraná; Selva Paranaense","","selvas o bosques; palustre","urbano o periurbano","MEDIA","0","700"
"205","Glyphonycteris sylvestris","Selva Paranaense","","selvas o bosques","","DESCONOCIDA","45","1476"
"206","Gracilinanus microtarsus","Campos y Malezales; Selva Paranaense","","selvas o bosques","arbustales","MEDIA","0","1800"
"207","Grampus griseus","","","oceánicos","costeros","SIN DATOS","",""
"208","Graomys chacoensis","Chaco Seco; Chaco Húmedo; Espinal","","selvas o bosques","arbustales","BAJA","",""
"209","Graomys domorum","Yungas; Chaco Seco","","selvas o bosques","","DESCONOCIDA","480","1580"
"210","Graomys edithae","Yungas; Chaco Seco","","pastizales","arbustales","DESCONOCIDA","600","3000"
"211","Graomys griseoflavus","Monte de Sierras y Bolsones; Monte de Llanuras y Mesetas; Chaco Seco; Chaco Húmedo; Espinal; Estepa Patagónica","","arbustales; pastizales; estepas","rupestre; cultivos o agrícolas","MEDIA","0","1300"
"212","Guerlinguetus brasiliensis","Campos y Malezales; Selva Paranaense","","selvas o bosques","forestaciones; urbano o periurbano","MEDIA","",""
"213","Gyldenstolpia fronto","Chaco Húmedo","","pastizales","","SIN DATOS","",""
"214","Herpailurus yagouaroundi","Yungas; Monte de Sierras y Bolsones; Monte de Llanuras y Mesetas; Chaco Seco; Chaco Húmedo; Bosque Patagónico; Campos y Malezales; Esteros del Iberá; Espinal; Delta e Islas del Paraná; Pampa; Selva Paranaense","","selvas o bosques; arbustales; pastizales; palustre","rupestre; estepas; cultivos o agrícolas; forestaciones; pasturas ganaderas","MEDIA","0","3200"
"215","Hippocamelus antisensis","Altos Andes; Puna; Yungas; Monte de Sierras y Bolsones","","pastizales","selvas o bosques; arbustales; rupestre; estepas; palustre","MUY BAJA","1800","5500"
"216","Hippocamelus bisulcus","Altos Andes; Bosque Patagónico; Estepa Patagónica","","arbustales","selvas o bosques; pastizales; estepas","MEDIA","200","3000"
"217","Histiotus laephotis","Yungas; Chaco Seco","","selvas o bosques","canales artificiales","BAJA","190","2000"
"218","Histiotus macrotus","Altos Andes; Puna; Yungas; Monte de Sierras y Bolsones; Chaco Seco; Bosque Patagónico; Espinal; Estepa Patagónica","","selvas o bosques; pastizales","cultivos o agrícolas; embalses o diques; urbano o periurbano","BAJA","240","4000"
"219","Histiotus magellanicus","Bosque Patagónico; Estepa Patagónica","","selvas o bosques; estepas; rios o arroyos","cultivos o agrícolas; forestaciones; urbano o periurbano","BAJA","500","1200"
"220","Histiotus montanus","Yungas; Monte de Sierras y Bolsones; Monte de Llanuras y Mesetas; Chaco Seco; Bosque Patagónico; Espinal; Pampa; Estepa Patagónica","","selvas o bosques; arbustales; pastizales; rupestre; estepas","cultivos o agrícolas; forestaciones; urbano o periurbano","MEDIA","13","1667"
"221","Histiotus velatus","Yungas; Campos y Malezales; Selva Paranaense","","selvas o bosques","","DESCONOCIDA","90","1000"
"222","Holochilus chacarius","Yungas; Chaco Seco; Chaco Húmedo; Esteros del Iberá; Espinal; Delta e Islas del Paraná; Pampa","","palustre","cultivos o agrícolas; forestaciones; pasturas ganaderas","MEDIA","",""
"223","Holochilus lagigliai","Monte de Sierras y Bolsones","","palustre","","SIN DATOS","",""
"224","Holochilus vulpinus","Chaco Húmedo; Campos y Malezales; Esteros del Iberá; Espinal; Delta e Islas del Paraná; Pampa","","palustre","canales artificiales","BAJA","",""
"225","Hydrochoerus hydrochaeris","Yungas; Chaco Seco; Chaco Húmedo; Campos y Malezales; Esteros del Iberá; Espinal; Delta e Islas del Paraná; Pampa; Selva Paranaense","","selvas o bosques; pastizales; lagos o lagunas; rios o arroyos; palustre; embalses o diques; canales artificiales","arbustales; cultivos o agrícolas; forestaciones; pasturas ganaderas; urbano o periurbano","ALTA","0","1300"
"226","Hydrurga leptonyx","Islas del Atlántico Sur; X Mar Argentino","","costeros; oceánicos","","BAJA","",""
"227","Hyperoodon planifrons","Islas del Atlántico Sur; X Mar Argentino","","oceánicos","costeros","DESCONOCIDA","",""
"228","Irenomys tarsalis","Bosque Patagónico","","selvas o bosques; arbustales","estepas","MEDIA","",""
"229","Juliomys pictipes","Selva Paranaense","","selvas o bosques","","MUY BAJA","0","2000"
"230","Kannabateomys amblyonyx","Selva Paranaense","","selvas o bosques","","BAJA","0","1200"
"231","Kogia breviceps","","","oceánicos","","DESCONOCIDA","",""
"232","Kogia sima","","","","","SIN DATOS","",""
"233","Lagenodelphis hosei","","","oceánicos","costeros","DESCONOCIDA","",""
"234","Lagenorhynchus australis","Islas del Atlántico Sur; X Mar Argentino","","costeros; oceánicos","","DESCONOCIDA","",""
"235","Lagenorhynchus cruciger","Islas del Atlántico Sur; X Mar Argentino","","oceánicos","costeros","DESCONOCIDA","",""
"236","Lagenorhynchus obscurus","Islas del Atlántico Sur; X Mar Argentino","","costeros; oceánicos","","DESCONOCIDA","",""
"237","Lagidium moreni","Altos Andes; Monte de Llanuras y Mesetas; Estepa Patagónica","","rupestre","","DESCONOCIDA","",""
"238","Lagidium viscacia","Altos Andes; Puna; Monte de Llanuras y Mesetas; Estepa Patagónica","","rupestre","arbustales; pastizales; estepas","MEDIA","600","4800"
"239","Lagidium wolffsohni","Estepa Patagónica","","rupestre","","DESCONOCIDA","800","4000"
"240","Lagostomus maximus","Monte de Sierras y Bolsones; Monte de Llanuras y Mesetas; Chaco Seco; Chaco Húmedo; Campos y Malezales; Esteros del Iberá; Espinal; Delta e Islas del Paraná; Pampa; Estepa Patagónica","","arbustales; pastizales; estepas","cultivos o agrícolas; pasturas ganaderas; urbano o periurbano","ALTA","0","2680"
"241","Lama guanicoe","Altos Andes; Puna; Monte de Sierras y Bolsones; Monte de Llanuras y Mesetas; Chaco Seco; Bosque Patagónico; Espinal; Estepa Patagónica; Islas del Atlántico Sur","","arbustales; pastizales; estepas","selvas o bosques; rupestre; pasturas ganaderas","MEDIA","0","5000"
"242","Lasiurus (Aeorestes) villosissimus","Altos Andes; Yungas; Monte de Sierras y Bolsones; Monte de Llanuras y Mesetas; Chaco Seco; Chaco Húmedo; Espinal; Delta e Islas del Paraná; Pampa; Selva Paranaense","","selvas o bosques; arbustales","urbano o periurbano","MEDIA","0","4250"
"243","Lasiurus blossevillii","Yungas; Monte de Sierras y Bolsones; Monte de Llanuras y Mesetas; Chaco Seco; Chaco Húmedo; Espinal; Delta e Islas del Paraná; Pampa; Selva Paranaense","","selvas o bosques; arbustales; pastizales; urbano o periurbano","","MEDIA","4","2700"
"244","Lasiurus varius","Monte de Llanuras y Mesetas; Bosque Patagónico; Estepa Patagónica","","selvas o bosques; pastizales; rupestre","forestaciones; urbano o periurbano","MEDIA","195","2020"
"245","Leopardus colocolo","Altos Andes; Puna; Yungas; Monte de Sierras y Bolsones; Monte de Llanuras y Mesetas; Chaco Seco; Chaco Húmedo; Campos y Malezales; Esteros del Iberá; Espinal; Pampa; Selva Paranaense; Estepa Patagónica","","pastizales; rupestre; estepas","arbustales; palustre; pasturas ganaderas","BAJA","0","5000"
"246","Leopardus geoffroyi","Yungas; Monte de Sierras y Bolsones; Monte de Llanuras y Mesetas; Chaco Seco; Chaco Húmedo; Bosque Patagónico; Campos y Malezales; Esteros del Iberá; Espinal; Delta e Islas del Paraná; Pampa; Estepa Patagónica","Puna","selvas o bosques; arbustales; pastizales; estepas; palustre","rupestre; cultivos o agrícolas; forestaciones; pasturas ganaderas","ALTA","0","3800"
"247","Leopardus guigna","Bosque Patagónico","","selvas o bosques","arbustales; forestaciones","MEDIA","0","2500"
"248","Leopardus guttulus","Selva Paranaense","","selvas o bosques","arbustales; cultivos o agrícolas; forestaciones","MEDIA","0","2000"
"249","Leopardus jacobita","Altos Andes; Puna; Monte de Llanuras y Mesetas; Estepa Patagónica","","rupestre","arbustales; estepas","BAJA","650","5000"
"250","Leopardus pardalis","Yungas; Chaco Seco; Chaco Húmedo; Campos y Malezales; Esteros del Iberá; Selva Paranaense","","selvas o bosques","arbustales; pastizales; forestaciones","BAJA","0","3000"
"251","Leopardus tigrinus","Yungas","","selvas o bosques","cultivos o agrícolas; forestaciones","MEDIA","600","2500"
"252","Leopardus wiedii","Yungas; Monte de Sierras y Bolsones; Campos y Malezales; Selva Paranaense","","selvas o bosques","arbustales; pastizales","MEDIA","100","2300"
"253","Leptonychotes weddellii","Islas del Atlántico Sur; X Mar Argentino","","costeros; oceánicos","","DESCONOCIDA","0","3"
"254","Lestodelphys halli","Monte de Sierras y Bolsones; Monte de Llanuras y Mesetas; Estepa Patagónica","","arbustales; pastizales; estepas","","MEDIA","0","2200"
"255","Lissodelphis peronii","","","oceánicos","costeros","DESCONOCIDA","",""
"256","Lobodon carcinophaga","Islas del Atlántico Sur; X Mar Argentino","","costeros; oceánicos","","DESCONOCIDA","",""
"257","Lontra felina","","Islas del Atlántico Sur","costeros","","DESCONOCIDA","0","25"
"258","Lontra longicaudis","Yungas; Chaco Seco; Chaco Húmedo; Campos y Malezales; Esteros del Iberá; Espinal; Delta e Islas del Paraná; Pampa; Selva Paranaense","","lagos o lagunas; rios o arroyos; palustre","selvas o bosques; arbustales; pastizales; cultivos o agrícolas; forestaciones; pasturas ganaderas; embalses o diques; urbano o periurbano; canales artificiales","MEDIA","0","2000"
"259","Lontra provocax","Bosque Patagónico; Estepa Patagónica; Islas del Atlántico Sur","","lagos o lagunas; rios o arroyos; palustre; costeros","embalses o diques","MUY BAJA","0","900"
"260","Loxodontomys micropus","Bosque Patagónico; Estepa Patagónica","","selvas o bosques; arbustales","pastizales; estepas","BAJA","0","2500"
"261","Lutreolina crassicaudata","Chaco Seco; Chaco Húmedo; Campos y Malezales; Esteros del Iberá; Espinal; Delta e Islas del Paraná; Pampa; Selva Paranaense","","pastizales; palustre","selvas o bosques; arbustales","MEDIA","0","600"
"262","Lutreolina massoia","Yungas","","selvas o bosques","","BAJA","400","2000"
"263","Lycalopex culpaeus","Altos Andes; Puna; Yungas; Monte de Sierras y Bolsones; Monte de Llanuras y Mesetas; Chaco Seco; Bosque Patagónico; Estepa Patagónica; Islas del Atlántico Sur","","selvas o bosques; arbustales; pastizales; estepas","rupestre; forestaciones; pasturas ganaderas; urbano o periurbano","MEDIA","0","5000"
"264","Lycalopex gymnocercus","Puna; Yungas; Monte de Sierras y Bolsones; Monte de Llanuras y Mesetas; Chaco Seco; Chaco Húmedo; Bosque Patagónico; Campos y Malezales; Esteros del Iberá; Espinal; Delta e Islas del Paraná; Pampa; Estepa Patagónica; Islas del Atlántico Sur","","arbustales; pastizales; rupestre; estepas; forestaciones; pasturas ganaderas","selvas o bosques; cultivos o agrícolas; urbano o periurbano","ALTA","0","3500"
"265","Lyncodon patagonicus","Monte de Sierras y Bolsones; Monte de Llanuras y Mesetas; Bosque Patagónico; Espinal; Pampa; Estepa Patagónica","","arbustales; estepas","pastizales","DESCONOCIDA","0","2000"
"266","Macrophyllum macrophyllum","Selva Paranaense","","selvas o bosques","","BAJA","96","110"
"267","Marmosa constantiae","Yungas; Chaco Húmedo","","selvas o bosques","","MEDIA","50","1600"
"268","Marmosa paraguayana","Campos y Malezales; Selva Paranaense","","selvas o bosques","","MEDIA","50","600"
"269","Mazama americana","Yungas; Chaco Seco; Chaco Húmedo; Selva Paranaense","","selvas o bosques","forestaciones","BAJA","0","2000"
"270","Mazama gouazoubira","Yungas; Monte de Sierras y Bolsones; Chaco Seco; Chaco Húmedo; Campos y Malezales; Esteros del Iberá; Espinal; Delta e Islas del Paraná; Selva Paranaense","","selvas o bosques; arbustales; pastizales","cultivos o agrícolas; forestaciones; pasturas ganaderas","ALTA","0","1500"
"271","Mazama nana","Selva Paranaense","","selvas o bosques","arbustales; forestaciones","MEDIA","100","500"
"272","Megaptera novaeangliae","Islas del Atlántico Sur; X Mar Argentino","","oceánicos","costeros","MEDIA","",""
"273","Mesoplodon bowdoini","Islas del Atlántico Sur; X Mar Argentino","","oceánicos","","BAJA","",""
"274","Mesoplodon grayi","Islas del Atlántico Sur; X Mar Argentino","","oceánicos","costeros","DESCONOCIDA","",""
"275","Mesoplodon hectori","Islas del Atlántico Sur; X Mar Argentino","","oceánicos","costeros","BAJA","",""
"276","Mesoplodon layardii","Islas del Atlántico Sur; X Mar Argentino","","oceánicos","costeros","DESCONOCIDA","",""
"277","Metachirus nudicaudatus","Selva Paranaense","","selvas o bosques","forestaciones","SIN DATOS","0","2100"
"278","Microcavia australis","Altos Andes; Monte de Llanuras y Mesetas; Espinal; Pampa; Estepa Patagónica","","arbustales; pastizales; estepas","","MEDIA","",""
"279","Microcavia jayat","Chaco Seco","","arbustales; pastizales","","DESCONOCIDA","",""
"280","Microcavia maenas","Monte de Sierras y Bolsones; Chaco Seco","","arbustales; pastizales; estepas","rupestre","DESCONOCIDA","",""
"281","Microcavia shiptoni","Altos Andes; Puna","","arbustales; pastizales; rupestre; estepas","","DESCONOCIDA","3000","4000"
"282","Micronycteris microtis","Yungas","","selvas o bosques; palustre","urbano o periurbano; canales artificiales","BAJA","400","600"
"283","Mirounga leonina","Islas del Atlántico Sur; X Mar Argentino","","oceánicos","costeros","DESCONOCIDA","",""
"284","Molossops neglectus","Campos y Malezales; Selva Paranaense","","selvas o bosques; arbustales","urbano o periurbano","MEDIA","70","190"
"285","Molossops temminckii","Yungas; Chaco Seco; Chaco Húmedo; Campos y Malezales; Espinal; Delta e Islas del Paraná","Monte de Llanuras y Mesetas","selvas o bosques; arbustales","cultivos o agrícolas; urbano o periurbano","MEDIA","54","1400"
"286","Molossus currentium","Esteros del Iberá; Delta e Islas del Paraná; Pampa","","arbustales","urbano o periurbano","DESCONOCIDA","7","60"
"287","Molossus molossus","Yungas; Monte de Sierras y Bolsones; Chaco Seco; Chaco Húmedo; Campos y Malezales; Esteros del Iberá; Espinal; Delta e Islas del Paraná; Pampa; Selva Paranaense","","selvas o bosques; arbustales; pastizales; rupestre","cultivos o agrícolas; forestaciones; pasturas ganaderas; urbano o periurbano","ALTA","0","1800"
"288","Molossus rufus","Yungas; Chaco Seco; Chaco Húmedo; Campos y Malezales; Esteros del Iberá; Espinal; Delta e Islas del Paraná; Selva Paranaense","","selvas o bosques; arbustales; pastizales","urbano o periurbano","MEDIA","19","1200"
"289","Monodelphis dimidiata","Chaco Seco; Campos y Malezales; Esteros del Iberá; Espinal; Pampa; Selva Paranaense","Yungas","selvas o bosques; arbustales; pastizales","cultivos o agrícolas; pasturas ganaderas","MEDIA","0","2000"
"290","Monodelphis domestica","Chaco Seco; Chaco Húmedo","","selvas o bosques; arbustales; pastizales","cultivos o agrícolas; urbano o periurbano","ALTA","60","200"
"291","Monodelphis iheringi","","Selva Paranaense","selvas o bosques","","DESCONOCIDA","",""
"292","Monodelphis kunsi","Yungas","","selvas o bosques; arbustales","pastizales","DESCONOCIDA","200","1500"
"293","Monodelphis scalops","Selva Paranaense","","selvas o bosques","pastizales","DESCONOCIDA","0","1400"
"294","Monodelphis unistriata","Selva Paranaense","","","","SIN DATOS","",""
"295","Myocastor coypus","Yungas; Monte de Sierras y Bolsones; Monte de Llanuras y Mesetas; Chaco Seco; Chaco Húmedo; Bosque Patagónico; Campos y Malezales; Esteros del Iberá; Espinal; Delta e Islas del Paraná; Pampa; Selva Paranaense; Estepa Patagónica","Islas del Atlántico Sur","lagos o lagunas; palustre","rios o arroyos; embalses o diques; canales artificiales","ALTA","0","1200"
"296","Myotis aelleni","","","","","SIN DATOS","",""
"297","Myotis albescens","Yungas; Chaco Seco; Chaco Húmedo; Campos y Malezales; Esteros del Iberá; Espinal; Delta e Islas del Paraná; Pampa; Selva Paranaense","","selvas o bosques; arbustales; forestaciones","pastizales; rupestre; cultivos o agrícolas; pasturas ganaderas; urbano o periurbano","MEDIA","0","1500"
"298","Myotis chiloensis","Monte de Llanuras y Mesetas; Bosque Patagónico; Estepa Patagónica","","selvas o bosques; arbustales; estepas; lagos o lagunas; rios o arroyos","forestaciones; canales artificiales","MEDIA","50","1500"
"299","Myotis dinellii","Puna; Yungas; Monte de Sierras y Bolsones; Monte de Llanuras y Mesetas; Chaco Seco; Espinal; Delta e Islas del Paraná; Pampa; Estepa Patagónica","","selvas o bosques; arbustales; pastizales; rupestre; estepas; forestaciones","cultivos o agrícolas; pasturas ganaderas; urbano o periurbano","MEDIA","0","2860"
"300","Myotis izecksohni","Campos y Malezales; Selva Paranaense","","selvas o bosques; rupestre","","DESCONOCIDA","179","1342"
"301","Myotis keaysi","Puna; Yungas; Chaco Seco","","selvas o bosques","arbustales; forestaciones","DESCONOCIDA","500","3540"
"302","Myotis lavali","Yungas","","selvas o bosques","","DESCONOCIDA","","670"
"303","Myotis levis","Campos y Malezales; Espinal; Delta e Islas del Paraná; Pampa; Selva Paranaense","","selvas o bosques; arbustales; rupestre; forestaciones","pastizales; cultivos o agrícolas; pasturas ganaderas; urbano o periurbano","MEDIA","30","820"
"304","Myotis nigricans","Yungas; Monte de Sierras y Bolsones; Chaco Seco; Chaco Húmedo; Campos y Malezales; Esteros del Iberá; Selva Paranaense","","selvas o bosques; arbustales; forestaciones; urbano o periurbano","pastizales; cultivos o agrícolas; pasturas ganaderas","MEDIA","87","2683"
"305","Myotis oxyotus","Puna","","arbustales; rupestre","","MEDIA","3000","3500"
"306","Myotis riparius","Yungas; Chaco Seco; Chaco Húmedo; Campos y Malezales; Esteros del Iberá; Espinal; Delta e Islas del Paraná; Pampa; Selva Paranaense","","selvas o bosques; arbustales; palustre","cultivos o agrícolas; forestaciones; embalses o diques; urbano o periurbano; canales artificiales","MEDIA","60","2000"
"307","Myotis ruber","Chaco Húmedo; Campos y Malezales; Esteros del Iberá; Delta e Islas del Paraná; Selva Paranaense","","selvas o bosques","","MUY BAJA","0","758"
"308","Myotis simus","Chaco Húmedo; Campos y Malezales; Esteros del Iberá","","selvas o bosques; arbustales; rios o arroyos; palustre","canales artificiales","DESCONOCIDA","28","600"
"309","Myrmecophaga tridactyla","Yungas; Chaco Seco; Chaco Húmedo; Campos y Malezales; Esteros del Iberá; Espinal; Selva Paranaense","","selvas o bosques; arbustales; pastizales","palustre; cultivos o agrícolas; forestaciones; pasturas ganaderas","MEDIA","0","1000"
"310","Nasua nasua","Yungas; Chaco Seco; Chaco Húmedo; Campos y Malezales; Selva Paranaense","","selvas o bosques","arbustales; cultivos o agrícolas; forestaciones; urbano o periurbano","MEDIA","100","2500"
"311","Necromys amoenus","Puna; Yungas","","pastizales; rupestre","","DESCONOCIDA","3100","3100"
"312","Necromys lactens","Puna; Yungas; Monte de Sierras y Bolsones; Chaco Seco","","arbustales; pastizales","","DESCONOCIDA","1500","3100"
"313","Necromys lasiurus","Chaco Seco; Chaco Húmedo; Campos y Malezales; Esteros del Iberá; Espinal; Pampa; Selva Paranaense","","arbustales","pastizales; cultivos o agrícolas; pasturas ganaderas","DESCONOCIDA","",""
"314","Necromys lenguarum","Chaco Seco","","","","SIN DATOS","120","550"
"315","Necromys lilloi","Yungas","","arbustales; pastizales","","SIN DATOS","",""
"316","Necromys obscurus","Pampa","","pastizales; palustre","","MEDIA","",""
"317","Nectomys squamipes","Selva Paranaense","","selvas o bosques; palustre","","BAJA","",""
"318","Neotomys ebriosus","Altos Andes; Puna; Yungas; Monte de Sierras y Bolsones","","pastizales","estepas","DESCONOCIDA","1950","4500"
"319","Noctilio albiventris","Chaco Húmedo; Campos y Malezales; Esteros del Iberá; Delta e Islas del Paraná","","selvas o bosques; lagos o lagunas; rios o arroyos; palustre","embalses o diques; urbano o periurbano; canales artificiales","MEDIA","50","100"
"320","Noctilio leporinus","Yungas; Chaco Seco; Chaco Húmedo; Esteros del Iberá; Espinal; Delta e Islas del Paraná; Selva Paranaense","Campos y Malezales","selvas o bosques; lagos o lagunas; rios o arroyos; palustre; costeros","embalses o diques; urbano o periurbano; canales artificiales","MEDIA","30","1000"
"321","Notiomys edwardsii","Estepa Patagónica","","estepas","","BAJA","",""
"322","Notosciurus pucheranii","Yungas","","selvas o bosques","","DESCONOCIDA","700","2700"
"323","Nyctinomops laticaudatus","Yungas; Chaco Seco; Selva Paranaense","","selvas o bosques; rupestre; palustre","urbano o periurbano","BAJA","60","860"
"324","Nyctinomops macrotis","Yungas; Monte de Sierras y Bolsones; Chaco Seco","","selvas o bosques; arbustales; palustre","urbano o periurbano","MEDIA","350","1500"
"325","Octodon bridgesi","Bosque Patagónico; Estepa Patagónica","","selvas o bosques; rupestre; estepas","forestaciones","DESCONOCIDA","950","1150"
"326","Octodontomys gliroides","Altos Andes; Monte de Sierras y Bolsones","","arbustales; rupestre; estepas","cultivos o agrícolas","ALTA","1200","4500"
"327","Octomys mimax","Monte de Sierras y Bolsones","","rupestre","","DESCONOCIDA","1216","1509"
"328","Oecomys franciscorum","Chaco Húmedo","","selvas o bosques","arbustales","DESCONOCIDA","50","150"
"329","Oligoryzomys brendae","Yungas; Monte de Sierras y Bolsones; Chaco Seco","","selvas o bosques; arbustales; pastizales","","DESCONOCIDA","700","2900"
"330","Oligoryzomys chacoensis","Yungas; Chaco Seco; Chaco Húmedo","","selvas o bosques","arbustales","DESCONOCIDA","300","1200"
"331","Oligoryzomys flavescens","Chaco Húmedo; Campos y Malezales; Esteros del Iberá; Espinal; Delta e Islas del Paraná; Pampa; Selva Paranaense","Chaco Seco","selvas o bosques; pastizales; palustre","arbustales; cultivos o agrícolas; pasturas ganaderas; urbano o periurbano","MEDIA","",""
"332","Oligoryzomys fornesi","Chaco Seco; Chaco Húmedo","","arbustales; pastizales; palustre","selvas o bosques","MEDIA","",""
"333","Oligoryzomys longicaudatus","Monte de Llanuras y Mesetas; Bosque Patagónico; Espinal; Estepa Patagónica","","selvas o bosques; arbustales","pastizales; estepas; forestaciones; urbano o periurbano","MEDIA","0","1000"
"334","Oligoryzomys magellanicus","","","","","SIN DATOS","",""
"335","Oligoryzomys nigripes","Chaco Húmedo; Esteros del Iberá; Espinal; Delta e Islas del Paraná; Pampa; Selva Paranaense","","selvas o bosques; arbustales","pastizales","BAJA","",""
"336","Oligoryzomys occidentalis","Yungas; Monte de Sierras y Bolsones; Chaco Seco; Espinal","","selvas o bosques; arbustales; pastizales","cultivos o agrícolas","MEDIA","400","3800"
"337","Ommatophoca rossii","","Islas del Atlántico Sur; X Mar Argentino","oceánicos","costeros","MUY BAJA","",""
"338","Orcinus orca","Islas del Atlántico Sur; X Mar Argentino","","costeros; oceánicos","","DESCONOCIDA","",""
"339","Otaria flavescens","Islas del Atlántico Sur; X Mar Argentino","","costeros; oceánicos","rios o arroyos","MEDIA","0","5"
"340","Oxymycterus paramensis","Yungas","","selvas o bosques; pastizales","arbustales","ALTA","700","4000"
"341","Oxymycterus quaestor","Selva Paranaense","","selvas o bosques; arbustales; pastizales","cultivos o agrícolas","BAJA","",""
"342","Oxymycterus rufus","Campos y Malezales; Esteros del Iberá; Espinal; Delta e Islas del Paraná; Pampa","Selva Paranaense","pastizales","arbustales; palustre; cultivos o agrícolas; pasturas ganaderas","MEDIA","",""
"343","Oxymycterus wayku","Yungas","","selvas o bosques","","BAJA","800","3100"
"344","Ozotoceros bezoarticus","Chaco Húmedo; Campos y Malezales; Esteros del Iberá; Espinal; Pampa","","pastizales","cultivos o agrícolas; forestaciones; pasturas ganaderas","MEDIA","0","400"
"345","Panthera onca","Yungas; Chaco Seco; Chaco Húmedo; Selva Paranaense","","selvas o bosques; palustre","arbustales; pastizales; forestaciones; pasturas ganaderas","BAJA","0","3600"
"346","Parachoerus wagneri","Chaco Seco; Chaco Húmedo","","selvas o bosques","arbustales; pastizales","BAJA","0","500"
"347","Paynomys macronyx","Bosque Patagónico; Estepa Patagónica","","selvas o bosques; arbustales","","DESCONOCIDA","",""
"348","Pecari tajacu","Yungas; Monte de Sierras y Bolsones; Chaco Seco; Chaco Húmedo; Campos y Malezales; Esteros del Iberá; Espinal; Selva Paranaense","","selvas o bosques; arbustales; pastizales","cultivos o agrícolas; forestaciones; pasturas ganaderas","MEDIA","0","3200"
"349","Philander canus","Chaco Húmedo; Delta e Islas del Paraná","","selvas o bosques","","MEDIA","0","160"
"350","Philander quica","Selva Paranaense","","selvas o bosques","","MEDIA","0","600"
"351","Phocoena dioptrica","Islas del Atlántico Sur; X Mar Argentino","","oceánicos","costeros","DESCONOCIDA","",""
"352","Phocoena spinipinnis","","","costeros","","DESCONOCIDA","",""
"353","Phyllotis alisosiensis","Yungas","","selvas o bosques","arbustales","DESCONOCIDA","1234","2175"
"354","Phyllotis anitae","Yungas","","selvas o bosques","arbustales","DESCONOCIDA","1600","3000"
"355","Phyllotis bonariensis","Espinal","","rupestre","","MEDIA","500","1200"
"356","Phyllotis caprinus","Altos Andes; Puna; Yungas; Monte de Sierras y Bolsones","","estepas","pastizales","DESCONOCIDA","2100","4500"
"357","Phyllotis nogalaris","Yungas","","selvas o bosques","arbustales","DESCONOCIDA","1200","3100"
"358","Phyllotis tucumanus","Altos Andes; Yungas; Monte de Sierras y Bolsones","","pastizales","estepas","DESCONOCIDA","1400","3960"
"359","Phyllotis xanthopygus","Altos Andes; Puna; Monte de Sierras y Bolsones; Estepa Patagónica","","rupestre","arbustales; pastizales; estepas","MEDIA","0","5600"
"360","Physeter macrocephalus","Islas del Atlántico Sur; X Mar Argentino","","oceánicos","","DESCONOCIDA","",""
"361","Platyrrhinus lineatus","Chaco Húmedo; Campos y Malezales; Selva Paranaense","","selvas o bosques","urbano o periurbano","MEDIA","50","222"
"362","Pontoporia blainvillei","","","costeros","","DESCONOCIDA","",""
"363","Priodontes maximus","Chaco Seco","","selvas o bosques","pastizales","MUY BAJA","0","500"
"364","Procyon cancrivorus","Yungas; Monte de Sierras y Bolsones; Chaco Seco; Chaco Húmedo; Campos y Malezales; Esteros del Iberá; Espinal; Delta e Islas del Paraná; Selva Paranaense","","selvas o bosques; arbustales; pastizales; rios o arroyos; palustre","cultivos o agrícolas; forestaciones","MEDIA","0","2350"
"365","Promops centralis","Chaco Húmedo","","selvas o bosques","cultivos o agrícolas; urbano o periurbano","MEDIA","65","86"
"366","Promops nasutus","Yungas; Monte de Sierras y Bolsones; Chaco Seco; Chaco Húmedo; Campos y Malezales; Espinal; Pampa","","selvas o bosques; arbustales; palustre","cultivos o agrícolas; urbano o periurbano; canales artificiales","MEDIA","57","2350"
"367","Pseudorca crassidens","","","oceánicos","costeros","DESCONOCIDA","",""
"368","Pseudoryzomys simplex","Chaco Húmedo","","arbustales; pastizales; palustre","","BAJA","50","900"
"369","Pteronura brasiliensis","","","selvas o bosques; lagos o lagunas; rios o arroyos","palustre; embalses o diques; canales artificiales","BAJA","0","500"
"370","Pudu puda","Bosque Patagónico","","selvas o bosques","","BAJA","0","1700"
"371","Puma concolor","Altos Andes; Puna; Yungas; Monte de Sierras y Bolsones; Monte de Llanuras y Mesetas; Chaco Seco; Chaco Húmedo; Bosque Patagónico; Campos y Malezales; Esteros del Iberá; Espinal; Delta e Islas del Paraná; Pampa; Selva Paranaense; Estepa Patagónica","","selvas o bosques; arbustales; pastizales; rupestre; estepas","palustre; costeros; cultivos o agrícolas; forestaciones; pasturas ganaderas; urbano o periurbano","MEDIA","0","5000"
"372","Pygoderma bilabiatum","Yungas; Campos y Malezales; Selva Paranaense","","selvas o bosques","arbustales; urbano o periurbano","DESCONOCIDA","300","2050"
"373","Reithrodon auritus","Altos Andes; Monte de Sierras y Bolsones; Monte de Llanuras y Mesetas; Chaco Seco; Bosque Patagónico; Espinal; Pampa; Estepa Patagónica","","arbustales; estepas","selvas o bosques; cultivos o agrícolas","MEDIA","0","3000"
"374","Reithrodon typicus","Esteros del Iberá; Espinal; Pampa","","pastizales","cultivos o agrícolas; pasturas ganaderas","MEDIA","",""
"375","Rhipidomys austrinus","Yungas","","selvas o bosques","","DESCONOCIDA","500","1700"
"376","Rhyncholestes raphanurus","Bosque Patagónico","","selvas o bosques","","DESCONOCIDA","0","1200"
"377","Salinomys delicatus","Monte de Sierras y Bolsones; Monte de Llanuras y Mesetas","","arbustales","","DESCONOCIDA","400","600"
"378","Sapajus cay","Yungas","Chaco Húmedo","selvas o bosques","cultivos o agrícolas; forestaciones; urbano o periurbano","MEDIA","600","1700"
"379","Sapajus nigritus","Selva Paranaense","","selvas o bosques","cultivos o agrícolas; forestaciones; urbano o periurbano","MEDIA","139","760"
"380","Scapteromys aquaticus","Chaco Húmedo; Esteros del Iberá; Espinal; Delta e Islas del Paraná; Pampa","","selvas o bosques; palustre","pastizales; urbano o periurbano","BAJA","",""
"381","Sooretamys angouya","Chaco Húmedo; Campos y Malezales; Selva Paranaense","","selvas o bosques","","BAJA","",""
"382","Speothos venaticus","Selva Paranaense","","selvas o bosques","arbustales; cultivos o agrícolas; forestaciones","MEDIA","100","600"
"383","Stenella attenuata","","","","","SIN DATOS","",""
"384","Stenella clymene","","","","","SIN DATOS","",""
"385","Stenella coeruleoalba","","","oceánicos","costeros","SIN DATOS","",""
"386","Sturnira erythromos","Yungas","","selvas o bosques","arbustales; cultivos o agrícolas; forestaciones; urbano o periurbano","MEDIA","385","1600"
"387","Sturnira lilium","Yungas; Chaco Seco; Chaco Húmedo; Campos y Malezales; Esteros del Iberá; Espinal; Delta e Islas del Paraná; Selva Paranaense","","selvas o bosques","forestaciones","MEDIA","65","1800"
"388","Sturnira oporaphilum","Yungas","","selvas o bosques","","BAJA","500","2575"
"389","Sylvilagus brasiliensis","Yungas; Chaco Seco; Chaco Húmedo; Campos y Malezales; Selva Paranaense","","selvas o bosques; arbustales; pastizales; forestaciones","cultivos o agrícolas; pasturas ganaderas; urbano o periurbano","ALTA","0","3000"
"390","Tadarida brasiliensis","Yungas; Monte de Sierras y Bolsones; Monte de Llanuras y Mesetas; Chaco Seco; Chaco Húmedo; Bosque Patagónico; Campos y Malezales; Espinal; Delta e Islas del Paraná; Pampa; Selva Paranaense; Estepa Patagónica; Islas del Atlántico Sur","","selvas o bosques; arbustales; pastizales; rupestre; estepas","cultivos o agrícolas; forestaciones; embalses o diques; urbano o periurbano","ALTA","0","2400"
"391","Tamandua tetradactyla","Yungas; Chaco Seco; Chaco Húmedo; Campos y Malezales; Esteros del Iberá; Espinal; Selva Paranaense","Delta e Islas del Paraná","selvas o bosques","arbustales; pastizales; cultivos o agrícolas; forestaciones","MEDIA","0","2400"
"392","Tapecomys primus","Yungas","","selvas o bosques","","DESCONOCIDA","1200","1500"
"393","Tapecomys wolffsohni","Yungas","","arbustales","pastizales","DESCONOCIDA","2200","2200"
"394","Tapirus terrestris","Yungas; Chaco Seco; Chaco Húmedo; Selva Paranaense","","selvas o bosques; arbustales; palustre","pastizales; forestaciones","BAJA","80","2200"
"395","Tasmacetus shepherdi","Islas del Atlántico Sur; X Mar Argentino","","oceánicos","costeros","DESCONOCIDA","",""
"396","Tayassu pecari","Yungas; Chaco Seco; Chaco Húmedo; Selva Paranaense","","selvas o bosques; arbustales; palustre","pastizales; forestaciones","BAJA","0","1500"
"397","Thaptomys nigrita","Selva Paranaense","","selvas o bosques","cultivos o agrícolas; forestaciones","BAJA","",""
"398","Thylamys bruchi","Monte de Llanuras y Mesetas; Chaco Seco","","selvas o bosques; arbustales; pastizales","pasturas ganaderas","MEDIA","0","1000"
"399","Thylamys citellus","Campos y Malezales; Espinal; Delta e Islas del Paraná; Pampa; Selva Paranaense","Esteros del Iberá","arbustales; pastizales","","MEDIA","0","200"
"400","Thylamys pallidior","Altos Andes; Puna; Monte de Sierras y Bolsones; Monte de Llanuras y Mesetas; Chaco Seco; Pampa; Estepa Patagónica","","selvas o bosques; arbustales; estepas","pastizales; cultivos o agrícolas; pasturas ganaderas","MEDIA","0","4200"
"401","Thylamys pulchellus","Monte de Sierras y Bolsones; Chaco Seco; Chaco Húmedo","","selvas o bosques; arbustales","pastizales","MEDIA","0","600"
"402","Thylamys sponsorius","Yungas; Monte de Sierras y Bolsones; Chaco Seco","","selvas o bosques","","MEDIA","500","3750"
"403","Thylamys venustus","Yungas; Chaco Seco","","selvas o bosques","","MEDIA","350","4000"
"404","Tolypeutes matacus","Monte de Sierras y Bolsones; Monte de Llanuras y Mesetas; Chaco Seco; Chaco Húmedo; Espinal","","selvas o bosques; arbustales","pastizales; cultivos o agrícolas; forestaciones; pasturas ganaderas","MEDIA","0","800"
"405","Tonatia bidens","Yungas; Chaco Seco; Selva Paranaense","Chaco Húmedo","selvas o bosques","pastizales; cultivos o agrícolas; urbano o periurbano","BAJA","150","1500"
"406","Tremarctos ornatus","","Yungas","selvas o bosques; arbustales; pastizales","","BAJA","500","4500"
"407","Tursiops gephyreus","","","","","SIN DATOS","",""
"408","Tursiops truncatus","","","costeros","oceánicos","BAJA","",""
"409","Tympanoctomys aureus","Monte de Sierras y Bolsones","","arbustales","","BAJA","680","680"
"410","Tympanoctomys barrerae","Monte de Sierras y Bolsones; Monte de Llanuras y Mesetas","","arbustales","","BAJA","270","1450"
"411","Tympanoctomys kirchnerorum","Estepa Patagónica","","estepas","","BAJA","517","517"
"412","Tympanoctomys loschalchalerosorum","Chaco Seco","","arbustales","","BAJA","581","581"
"413","Vampyressa pusilla","Campos y Malezales; Selva Paranaense","","selvas o bosques","arbustales","BAJA","119","300"
"414","Vampyriscus bidens","","","","","SIN DATOS","",""
"415","Vicugna vicugna","Altos Andes; Puna","","pastizales; estepas; palustre; pasturas ganaderas","arbustales; cultivos o agrícolas","MEDIA","3200","5000"
"416","Zaedyus pichiy","Monte de Sierras y Bolsones; Monte de Llanuras y Mesetas; Espinal; Pampa; Estepa Patagónica","","arbustales; pastizales; estepas","pasturas ganaderas","MEDIA","0","2500"
"417","Ziphius cavirostris","Islas del Atlántico Sur; X Mar Argentino","","oceánicos","costeros","DESCONOCIDA","",""
